id,name,email,phone,signup_date,amount
1,  Anna   Petrova ,ANNA.Petrova@Example.COM , +66 81 234 5678 ,2026-01-15,"1 234,56"
2,Bao Nguyen,bao.nguyen@example.net,0066812345679,15.01.2026,€ 89.90
3,"Cole, Jr., Marcus",m.cole@example.org,+1 (415) 555-0142,25/12/2026,"1,234.50"
4,Dmitri Sokolov,ANNA.PETROVA@example.com,+66 81 234 5670,2026-02-01,10.00
5,Émilie Dubois,emilie@,+33 6 12 34 56 78,2026-02-03,50
6,Farid Rahimi,farid.rahimi@example.com,12345,2026-02-05,75.25
7,Grace Okafor,grace.okafor@example.com,+234 802 123 4567,03/04/2026,120
8,Hana Sato,hana.sato@example.jp,+81 90 1234 5678,2026-02-30,90
9,Igor Volkov,igor.volkov@example.com,+7 916 123 45 67,2026-02-10,-5
10,Julia Moreau,julia.moreau@example.fr,+33 6 98 76 54 32,2026-02-11,about 40
11,Kenji Ito,kenji.ito@example.jp,+81 80 8765 4321,2026-02-12,
12,  Lea   Fischer,lea.fischer@example.de,+49 151 23456789,12.02.2026,1000
